[
  {
    "id": "/subscriptions/3408dea8-8aea-431c-b5a8-f9dff4d3f026/resourceGroups/test/providers/Microsoft.Resources/deployments/CreateVmss-Canonical.UbuntuServer-18.04-LTS-20200404145824/operations/E7CA084EDFE559C0",
    "operationId": "E7CA084EDFE559C0",
    "properties": {
      "provisioningOperation": "Create",
      "provisioningState": "Succeeded",
      "timestamp": "2020-04-04T13:04:36.8022685Z",
      "duration": "PT1M20.0009482S",
      "trackingId": "8e53f441-a3ba-42b9-90fa-4818df1ea188",
      "statusCode": "OK",
      "targetResource": {
        "id": "/subscriptions/3408dea8-8aea-431c-b5a8-f9dff4d3f026/resourceGroups/test/providers/Microsoft.Compute/virtualMachineScaleSets/ubuset",
        "resourceType": "Microsoft.Compute/virtualMachineScaleSets",
        "resourceName": "ubuset"
      }
    }
  },
  {
    "id": "/subscriptions/3408dea8-8aea-431c-b5a8-f9dff4d3f026/resourceGroups/test/providers/Microsoft.Resources/deployments/CreateVmss-Canonical.UbuntuServer-18.04-LTS-20200404145824/operations/B87CA6F164AFAD4F",
    "operationId": "B87CA6F164AFAD4F",
    "properties": {
      "provisioningOperation": "Create",
      "provisioningState": "Succeeded",
      "timestamp": "2020-04-04T13:03:05.1877075Z",
      "duration": "PT10.1285618S",
      "trackingId": "e6135d3b-3a10-4838-801c-7f867c9388ae",
      "statusCode": "OK",
      "targetResource": {
        "id": "/subscriptions/3408dea8-8aea-431c-b5a8-f9dff4d3f026/resourceGroups/test/providers/Microsoft.Network/networkSecurityGroups/basicNsgtestvnet550-nic01",
        "resourceType": "Microsoft.Network/networkSecurityGroups",
        "resourceName": "basicNsgtestvnet550-nic01"
      }
    }
  },
  {
    "id": "/subscriptions/3408dea8-8aea-431c-b5a8-f9dff4d3f026/resourceGroups/test/providers/Microsoft.Resources/deployments/CreateVmss-Canonical.UbuntuServer-18.04-LTS-20200404145824/operations/E882800C2D144059",
    "operationId": "E882800C2D144059",
    "properties": {
      "provisioningOperation": "Create",
      "provisioningState": "Succeeded",
      "timestamp": "2020-04-04T13:03:16.6042108Z",
      "duration": "PT21.5450651S",
      "trackingId": "f5af167c-6a4c-424b-9548-3a55e1363e4a",
      "statusCode": "OK",
      "targetResource": {
        "id": "/subscriptions/3408dea8-8aea-431c-b5a8-f9dff4d3f026/resourceGroups/test/providers/Microsoft.Network/virtualNetworks/testvnet550",
        "resourceType": "Microsoft.Network/virtualNetworks",
        "resourceName": "testvnet550"
      }
    }
  },
  {
    "id": "/subscriptions/3408dea8-8aea-431c-b5a8-f9dff4d3f026/resourceGroups/test/providers/Microsoft.Resources/deployments/CreateVmss-Canonical.UbuntuServer-18.04-LTS-20200404145824/operations/08586156015175845919",
    "operationId": "08586156015175845919",
    "properties": {
      "provisioningOperation": "EvaluateDeploymentOutput",
      "provisioningState": "Succeeded",
      "timestamp": "2020-04-04T13:04:36.897812Z",
      "duration": "PT0.0519806S",
      "trackingId": "45b116cb-1c28-4f21-b9f2-44b04a3fd1ea",
      "statusCode": "OK",
      "statusMessage": null
    }
  }
]